<?xml version="1.0" encoding="utf-8" ?><dwsync><file name="8.JPG" server="www.uma-style.com/www/" local="3528088288" remote="318763443920997492" Dst="-1" /><file name="7.jpg" server="www.uma-style.com/www/" local="3528088200" remote="318763443927897252" Dst="-1" /><file name="6.jpg" server="www.uma-style.com/www/" local="3528088194" remote="318763443927897252" Dst="-1" /><file name="5.jpg" server="www.uma-style.com/www/" local="3528088158" remote="318763443927897312" Dst="-1" /><file name="4.JPG" server="www.uma-style.com/www/" local="3528088952" remote="318763443920997492" Dst="-1" /><file name="3.JPG" server="www.uma-style.com/www/" local="3528088174" remote="318763443920997492" Dst="-1" /><file name="29.JPG" server="www.uma-style.com/www/" local="3528088498" remote="318763443920997492" Dst="-1" /><file name="28.jpg" server="www.uma-style.com/www/" local="3528088490" remote="318763443927897312" Dst="-1" /><file name="27.JPG" server="www.uma-style.com/www/" local="3528088479" remote="318763443920997492" Dst="-1" /><file name="26.JPG" server="www.uma-style.com/www/" local="3528088472" remote="318763443920997492" Dst="-1" /><file name="25.JPG" server="www.uma-style.com/www/" local="3528088465" remote="318763443920997492" Dst="-1" /><file name="24.JPG" server="www.uma-style.com/www/" local="3528088456" remote="318763443920997492" Dst="-1" /><file name="23.jpg" server="www.uma-style.com/www/" local="3528088448" remote="318763443927897312" Dst="-1" /><file name="22.jpg" server="www.uma-style.com/www/" local="3528088438" remote="318763443927897312" Dst="-1" /><file name="21.JPG" server="www.uma-style.com/www/" local="3528088430" remote="318763443920997492" Dst="-1" /><file name="20.JPG" server="www.uma-style.com/www/" local="3528088423" remote="318763443920997492" Dst="-1" /><file name="2.jpg" server="www.uma-style.com/www/" local="3528088118" remote="318763443927897312" Dst="-1" /><file name="19.jpg" server="www.uma-style.com/www/" local="3528088416" remote="318763443927897312" Dst="-1" /><file name="18.JPG" server="www.uma-style.com/www/" local="3528088408" remote="318763443920997492" Dst="-1" /><file name="17.jpg" server="www.uma-style.com/www/" local="3528088294" remote="318763443927897312" Dst="-1" /><file name="16.JPG" server="www.uma-style.com/www/" local="3528088387" remote="318763443920997492" Dst="-1" /><file name="15.jpg" server="www.uma-style.com/www/" local="3528088380" remote="318763443927897312" Dst="-1" /><file name="14.JPG" server="www.uma-style.com/www/" local="3528088335" remote="318763443920997492" Dst="-1" /><file name="13.JPG" server="www.uma-style.com/www/" local="3528088322" remote="318763443920997492" Dst="-1" /><file name="12.jpg" server="www.uma-style.com/www/" local="3528088396" remote="318763443927897312" Dst="-1" /><file name="11.jpg" server="www.uma-style.com/www/" local="3528088272" remote="318763443927897312" Dst="-1" /><file name="10.JPG" server="www.uma-style.com/www/" local="3528088279" remote="318763443920997492" Dst="-1" /><file name="1.JPG" server="www.uma-style.com/www/" local="3528088079" remote="318763443920997492" Dst="-1" /><file name="8.jpg" server="www.uma-style.com/www/" local="3528088288" remote="318763443927897252" Dst="-1" /><file name="4.jpg" server="www.uma-style.com/www/" local="3528088952" remote="318763443927897312" Dst="-1" /><file name="29.jpg" server="www.uma-style.com/www/" local="3528088498" remote="318763443927897312" Dst="-1" /><file name="27.jpg" server="www.uma-style.com/www/" local="3528088480" remote="318763443927897312" Dst="-1" /><file name="26.jpg" server="www.uma-style.com/www/" local="3528088472" remote="318763443927897312" Dst="-1" /><file name="25.jpg" server="www.uma-style.com/www/" local="3528088466" remote="318763443927897312" Dst="-1" /><file name="24.jpg" server="www.uma-style.com/www/" local="3528088456" remote="318763443927897312" Dst="-1" /><file name="21.jpg" server="www.uma-style.com/www/" local="3528088430" remote="318763443927897312" Dst="-1" /><file name="18.jpg" server="www.uma-style.com/www/" local="3528088408" remote="318763443927897312" Dst="-1" /><file name="16.jpg" server="www.uma-style.com/www/" local="3528088388" remote="318763443927897312" Dst="-1" /><file name="14.jpg" server="www.uma-style.com/www/" local="3528088336" remote="318763443927897312" Dst="-1" /><file name="13.jpg" server="www.uma-style.com/www/" local="3528088322" remote="318763443927897312" Dst="-1" /><file name="10.jpg" server="www.uma-style.com/www/" local="3528088280" remote="318763443927897312" Dst="-1" /><file name="1.jpg" server="www.uma-style.com/www/" local="3528088080" remote="318763443927897312" Dst="-1" /><file name="3.jpg" server="www.uma-style.com/www/" local="3528088174" remote="318763443927897312" Dst="-1" /><file name="20.jpg" server="www.uma-style.com/www/" local="3528088424" remote="318763443927897312" Dst="-1" /><file name=".DS_Store" server="www.uma-style.com/www/" local="3528102024" remote="318763443921311832" Dst="-1" /></dwsync>