<?xml version="1.0" encoding="utf-8" ?><dwsync><file name=".DS_Store" server="www.uma-style.com/www/" local="3526860852" remote="318763443925313412" Dst="-1" /><file name="anex.jpg" server="www.uma-style.com/www/" local="3526028036" remote="318763443927897252" Dst="-1" /><file name="beppu.jpg" server="www.uma-style.com/www/" local="3526028220" remote="318763443927897252" Dst="-1" /><file name="kyoto.jpg" server="www.uma-style.com/www/" local="3526016380" remote="318763443927897252" Dst="-1" /><file name="fukuoka.jpg" server="www.uma-style.com/www/" local="3526028148" remote="318763443927897252" Dst="-1" /><file name="kabuki.jpg" server="www.uma-style.com/www/" local="3526014818" remote="318763443927897252" Dst="-1" /><file name="kyoto_shiater.jpg" server="www.uma-style.com/www/" local="3526016214" remote="318763443927897252" Dst="-1" /><file name="labo.jpg" server="www.uma-style.com/www/" local="3526014802" remote="318763443927897252" Dst="-1" /><file name="origami.jpg" server="www.uma-style.com/www/" local="3526014784" remote="318763443927897252" Dst="-1" /><file name="original.jpg" server="www.uma-style.com/www/" local="3526014866" remote="318763443927897252" Dst="-1" /><file name="samurai.jpg" server="www.uma-style.com/www/" local="3526014838" remote="318763443927897252" Dst="-1" /><file name="sapporo.jpg" server="www.uma-style.com/www/" local="3526028416" remote="318763443927897252" Dst="-1" /><file name="red_ps.png" server="www.uma-style.com/www/" local="3526251796" remote="318763443927897252" Dst="-1" /><file name="world.jpg" server="www.uma-style.com/www/" local="3526014852" remote="318763443927897252" Dst="-1" /><file name="comingsoon.jpg" server="www.uma-style.com/www/" local="3529459130" remote="318763443927897252" Dst="-1" /></dwsync>