<?xml version="1.0" encoding="utf-8" ?><dwsync><file name="style.css" server="www.uma-style.com/www/" local="3534999356" remote="318763443927897312" Dst="-1" /><file name="jquery.mmenu.all.css" server="www.uma-style.com/www/" local="3527568218" remote="318763443927897312" Dst="-1" /><file name="flickslider.css" server="www.uma-style.com/www/" local="3528690304" remote="318763443927897312" Dst="-1" /><file name=".DS_Store" server="www.uma-style.com/www/" local="3527552606" remote="318763443925313412" Dst="-1" /><file name="select2.min.css" server="www.uma-style.com/www/" local="3531178447" remote="318763443927897312" Dst="-1" /><file name="jquery-ui-1.9.2.custom.min.css" server="www.uma-style.com/www/" local="3530816906" remote="318763443927897312" Dst="-1" /><file name="isotope.css" server="www.uma-style.com/www/" local="3534646047" remote="318763443927897312" Dst="-1" /><file name="common.css" server="www.uma-style.com/www/" local="3531178820" remote="318763443927897312" Dst="-1" /></dwsync>