<?xml version="1.0" encoding="utf-8" ?><dwsync><file name="yuri.jpg" server="www.uma-style.com/www/" local="3529032284" remote="318763443927897252" Dst="-1" /><file name="satoru.jpg" server="www.uma-style.com/www/" local="3529032342" remote="318763443927897252" Dst="-1" /><file name="ryota.jpg" server="www.uma-style.com/www/" local="3529032364" remote="318763443927897252" Dst="-1" /><file name="nanami.jpg" server="www.uma-style.com/www/" local="3529032312" remote="318763443927897252" Dst="-1" /><file name="mika.jpg" server="www.uma-style.com/www/" local="3529032352" remote="318763443927897252" Dst="-1" /><file name="masa.jpg" server="www.uma-style.com/www/" local="3529032250" remote="318763443927897252" Dst="-1" /><file name="jun.jpg" server="www.uma-style.com/www/" local="3529032330" remote="318763443927897252" Dst="-1" /><file name="eriko.jpg" server="www.uma-style.com/www/" local="3529032300" remote="318763443927897252" Dst="-1" /><file name="akira.jpg" server="www.uma-style.com/www/" local="3529032378" remote="318763443927897252" Dst="-1" /></dwsync>