<?xml version="1.0" encoding="utf-8" ?><dwsync><file name="man.png" server="www.uma-style.com/www/" local="3529475692" remote="318763443927897252" Dst="-1" /><file name="group.png" server="www.uma-style.com/www/" local="3529476464" remote="318763443927897252" Dst="-1" /><file name="couple.png" server="www.uma-style.com/www/" local="3529476414" remote="318763443927897252" Dst="-1" /><file name="bar.png" server="www.uma-style.com/www/" local="3529622482" remote="318763443927897252" Dst="-1" /><file name="wc.png" server="www.uma-style.com/www/" local="3528694566" remote="318763443927897252" Dst="-1" /><file name="shower.png" server="www.uma-style.com/www/" local="3528694470" remote="318763443927897252" Dst="-1" /><file name="outlet.png" server="www.uma-style.com/www/" local="3528694722" remote="318763443927897252" Dst="-1" /><file name="locker.png" server="www.uma-style.com/www/" local="3528694340" remote="318763443927897252" Dst="-1" /><file name="aircon.png" server="www.uma-style.com/www/" local="3528694658" remote="318763443927897252" Dst="-1" /><file name="hotsprings.png" server="www.uma-style.com/www/" local="3529038646" remote="318763443927897252" Dst="-1" /><file name="children.png" server="www.uma-style.com/www/" local="3529457742" remote="318763443927897252" Dst="-1" /><file name="booking.png" server="www.uma-style.com/www/" local="3529395962" remote="318763443927897252" Dst="-1" /><file name="car_rental.png" server="www.uma-style.com/www/" local="3529622392" remote="318763443927897252" Dst="-1" /><file name="bar2.png" server="www.uma-style.com/www/" local="3529476526" remote="318763443927897252" Dst="-1" /></dwsync>