<?xml version="1.0" encoding="utf-8" ?><dwsync><file name="accordion.js" server="www.uma-style.com/www/" local="3530701024" remote="318763443927897252" Dst="-1" /><file name="owl.carousel.min.js" server="www.uma-style.com/www/" local="3520291586" remote="318763443927897252" Dst="-1" /><file name="jquery-1.9.1.min.js" server="www.uma-style.com/www/" local="3520981718" remote="318763443927897252" Dst="-1" /><file name="jquery.equalheight.min.js" server="www.uma-style.com/www/" local="3519698286" remote="318763443927897252" Dst="-1" /><file name="lightbox.js" server="www.uma-style.com/www/" local="3518432542" remote="318763443927897252" Dst="-1" /><file name="slider.js" server="www.uma-style.com/www/" local="3519278400" remote="318763443927897252" Dst="-1" /><file name="jquery.mmenu.min.all.js" server="www.uma-style.com/www/" local="3530699328" remote="318763443927897252" Dst="-1" /><file name="jquery-1.7.2.js" server="www.uma-style.com/www/" local="3477914960" remote="318763443927897252" Dst="-1" /><file name="flickslider.js" server="www.uma-style.com/www/" local="3527744384" remote="318763443927897252" Dst="-1" /><file name=".DS_Store" server="www.uma-style.com/www/" local="3530072680" remote="318763443925313412" Dst="-1" /><file name="googlemaps3.js" server="www.uma-style.com/www/" local="3529471106" remote="318763443927897252" Dst="-1" /><file name="set.js" server="www.uma-style.com/www/" local="3532416012" remote="318763443927897252" Dst="-1" /><file name="select2.min.js" server="www.uma-style.com/www/" local="3530128656" remote="318763443927897252" Dst="-1" /><file name="select2.full.min.js" server="www.uma-style.com/www/" local="3530128656" remote="318763443927897252" Dst="-1" /><file name="jquery.isotope.js" server="www.uma-style.com/www/" local="3532409010" remote="318763443927897252" Dst="-1" /><file name="jquery-ui-1.9.2.custom.min.js" server="www.uma-style.com/www/" local="3530816906" remote="318763443927897252" Dst="-1" /><file name="imagesloaded.js" server="www.uma-style.com/www/" local="3532409043" remote="318763443927897252" Dst="-1" /><file name="common.js" server="www.uma-style.com/www/" local="3530750260" remote="318763443927897252" Dst="-1" /></dwsync>