<?xml version="1.0" encoding="utf-8" ?><dwsync><file name="takako.jpg" server="www.uma-style.com/www/" local="3529031978" remote="318763443927897252" Dst="-1" /><file name="ryoji.jpg" server="www.uma-style.com/www/" local="3529031868" remote="318763443927897252" Dst="-1" /><file name="ruico.jpg" server="www.uma-style.com/www/" local="3529031886" remote="318763443927897252" Dst="-1" /><file name="nana.jpg" server="www.uma-style.com/www/" local="3529031934" remote="318763443927897252" Dst="-1" /><file name="konishi.jpg" server="www.uma-style.com/www/" local="3529031904" remote="318763443927897252" Dst="-1" /><file name="koichi.jpg" server="www.uma-style.com/www/" local="3529031958" remote="318763443927897252" Dst="-1" /><file name="erika.jpg" server="www.uma-style.com/www/" local="3529031922" remote="318763443927897252" Dst="-1" /><file name="atymi.jpg" server="www.uma-style.com/www/" local="3529031946" remote="318763443927897252" Dst="-1" /></dwsync>