<?xml version="1.0" encoding="utf-8" ?><dwsync><file name="ueda.jpg" server="www.uma-style.com/www/" local="3529031294" remote="318763443927897252" Dst="-1" /><file name="toshiya.jpg" server="www.uma-style.com/www/" local="3529031542" remote="318763443927897252" Dst="-1" /><file name="riyo.jpg" server="www.uma-style.com/www/" local="3529031494" remote="318763443927897252" Dst="-1" /><file name="rico.jpg" server="www.uma-style.com/www/" local="3529031418" remote="318763443927897252" Dst="-1" /><file name="renge.jpg" server="www.uma-style.com/www/" local="3529031668" remote="318763443927897252" Dst="-1" /><file name="naoto.jpg" server="www.uma-style.com/www/" local="3529031578" remote="318763443927897252" Dst="-1" /><file name="naho.jpg" server="www.uma-style.com/www/" local="3529031512" remote="318763443927897252" Dst="-1" /><file name="mizuki.jpg" server="www.uma-style.com/www/" local="3529031470" remote="318763443927897252" Dst="-1" /><file name="kyoshiro.jpg" server="www.uma-style.com/www/" local="3529031736" remote="318763443927897252" Dst="-1" /><file name="keina.jpg" server="www.uma-style.com/www/" local="3529031358" remote="318763443927897252" Dst="-1" /><file name="kazuma.jpg" server="www.uma-style.com/www/" local="3529031624" remote="318763443927897252" Dst="-1" /><file name="haruna.jpg" server="www.uma-style.com/www/" local="3529031644" remote="318763443927897252" Dst="-1" /><file name="erika.jpg" server="www.uma-style.com/www/" local="3529031336" remote="318763443927897252" Dst="-1" /><file name="dai-chan.jpg" server="www.uma-style.com/www/" local="3529031602" remote="318763443927897252" Dst="-1" /></dwsync>