<?xml version="1.0" encoding="utf-8" ?><dwsync><file name="bg.png" server="www.uma-style.com/www/" local="3512689194" remote="318763443927897312" Dst="-1" /><file name="jp.png" server="www.uma-style.com/www/" local="3519944106" remote="318763443927897312" Dst="-1" /><file name="filter.png" server="www.uma-style.com/www/" local="3511959914" remote="318763443927897312" Dst="-1" /><file name="zh-tw.png" server="www.uma-style.com/www/" local="3519944186" remote="318763443927897312" Dst="-1" /><file name="zh-cn.png" server="www.uma-style.com/www/" local="3519944150" remote="318763443927897312" Dst="-1" /><file name="vn.png" server="www.uma-style.com/www/" local="3519944356" remote="318763443927897312" Dst="-1" /><file name="th.png" server="www.uma-style.com/www/" local="3519944308" remote="318763443927897312" Dst="-1" /><file name="kr.png" server="www.uma-style.com/www/" local="3519944466" remote="318763443927897312" Dst="-1" /><file name="id.png" server="www.uma-style.com/www/" local="3519944220" remote="318763443927897312" Dst="-1" /><file name="en.png" server="www.uma-style.com/www/" local="3519944124" remote="318763443927897312" Dst="-1" /><file name="ejp.png" server="www.uma-style.com/www/" local="3519946082" remote="318763443927897312" Dst="-1" /><file name=".DS_Store" server="www.uma-style.com/www/" local="3519945118" remote="318763443919944792" Dst="-1" /></dwsync>