<?xml version="1.0" encoding="utf-8" ?><dwsync><file name="arrow.png" server="www.uma-style.com/www/" local="3526880166" remote="318763443927897252" Dst="-1" /><file name=".DS_Store" server="www.uma-style.com/www/" local="3526872230" remote="318763443925313412" Dst="-1" /><file name="top_samurai.jpg" server="www.uma-style.com/www/" local="3526871262" remote="318763443927897252" Dst="-1" /><file name="top_origami.jpg" server="www.uma-style.com/www/" local="3526871138" remote="318763443927897252" Dst="-1" /><file name="top_kyoto.jpg" server="www.uma-style.com/www/" local="3526871000" remote="318763443927897252" Dst="-1" /><file name="top3.jpg" server="www.uma-style.com/www/" local="3529311674" remote="318763443927897252" Dst="-1" /><file name="top2.jpg" server="www.uma-style.com/www/" local="3529309432" remote="318763443927897252" Dst="-1" /><file name="top1.jpg" server="www.uma-style.com/www/" local="3529311814" remote="318763443927897252" Dst="-1" /><file name="khaosan_staff.jpg" server="www.uma-style.com/www/" local="3529035512" remote="318763443927897252" Dst="-1" /></dwsync>