<?xml version="1.0" encoding="utf-8" ?><dwsync><file name=".DS_Store" server="www.uma-style.com/www/" local="3519632764" remote="318763443919944792" Dst="-1" /><file name="about.png" server="www.uma-style.com/www/" local="3518563128" remote="318763443927897252" Dst="-1" /><file name="facebook.png" server="www.uma-style.com/www/" local="3518563118" remote="318763443927897252" Dst="-1" /><file name="google_plus.png" server="www.uma-style.com/www/" local="3518563114" remote="318763443927897252" Dst="-1" /><file name="logo.png" server="www.uma-style.com/www/" local="3518563092" remote="318763443927897252" Dst="-1" /><file name="items.png" server="www.uma-style.com/www/" local="3518563100" remote="318763443927897252" Dst="-1" /><file name="menu.png" server="www.uma-style.com/www/" local="3518563090" remote="318763443927897252" Dst="-1" /><file name="pin.png" server="www.uma-style.com/www/" local="3518563086" remote="318763443927897252" Dst="-1" /><file name="search_button.png" server="www.uma-style.com/www/" local="3520391774" remote="318763443927897252" Dst="-1" /><file name="search.png" server="www.uma-style.com/www/" local="3518563080" remote="318763443927897252" Dst="-1" /><file name="twitter.png" server="www.uma-style.com/www/" local="3518563024" remote="318763443927897252" Dst="-1" /><file name="about.jpg" server="www.uma-style.com/www/" local="3519085082" remote="318763443927897252" Dst="-1" /><file name="arrow.png" server="www.uma-style.com/www/" local="3518990976" remote="318763443927897252" Dst="-1" /><file name="arrow_open.png" server="www.uma-style.com/www/" local="3518990992" remote="318763443927897252" Dst="-1" /><file name="icon_menu_close.jpg" server="www.uma-style.com/www/" local="3518993524" remote="318763443927897252" Dst="-1" /><file name="icon_menu_open.jpg" server="www.uma-style.com/www/" local="3518993540" remote="318763443927897252" Dst="-1" /><file name="items.jpg" server="www.uma-style.com/www/" local="3519090994" remote="318763443927897252" Dst="-1" /><file name="Japan.jpg" server="www.uma-style.com/www/" local="3519084899" remote="318763443912060192" Dst="-1" /><file name="pic.jpg" server="www.uma-style.com/www/" local="3519105496" remote="318763443927897252" Dst="-1" /><file name="search.jpg" server="www.uma-style.com/www/" local="3519085014" remote="318763443927897252" Dst="-1" /><file name="sns.jpg" server="www.uma-style.com/www/" local="3519282586" remote="318763443927897252" Dst="-1" /><file name="spot.jpg" server="www.uma-style.com/www/" local="3519085128" remote="318763443927897252" Dst="-1" /><file name="japan.jpg" server="www.uma-style.com/www/" local="3519084900" remote="318763443927897252" Dst="-1" /><file name="photo_search.png" server="www.uma-style.com/www/" local="3519165918" remote="318763443927897252" Dst="-1" /><file name="pic0.jpg" server="www.uma-style.com/www/" local="3519285280" remote="318763443927897252" Dst="-1" /><file name="search_button_w.png" server="www.uma-style.com/www/" local="3520307728" remote="318763443927897252" Dst="-1" /><file name="image_button.png" server="www.uma-style.com/www/" local="3520464162" remote="318763443927897252" Dst="-1" /><file name="article_button.png" server="www.uma-style.com/www/" local="3520464292" remote="318763443927897252" Dst="-1" /><file name="tag.png" server="www.uma-style.com/www/" local="3520560168" remote="318763443927897252" Dst="-1" /></dwsync>