<?xml version="1.0" encoding="utf-8" ?><dwsync><file name=".DS_Store" server="www.uma-style.com/www/" local="3529035336" remote="318763443925313412" Dst="-1" /><file name="prev.png" server="www.uma-style.com/www/" local="3516276066" remote="318763443927897252" Dst="-1" /><file name="next.png" server="www.uma-style.com/www/" local="3516276118" remote="318763443927897252" Dst="-1" /><file name="logo1.png" server="www.uma-style.com/www/" local="3521083354" remote="318763443927897252" Dst="-1" /><file name="logo2.png" server="www.uma-style.com/www/" local="3520323298" remote="318763443927897252" Dst="-1" /><file name="logo3.png" server="www.uma-style.com/www/" local="3519601288" remote="318763443927897252" Dst="-1" /><file name="logo5.png" server="www.uma-style.com/www/" local="3520832896" remote="318763443927897252" Dst="-1" /><file name="k_logo.png" server="www.uma-style.com/www/" local="3527558044" remote="318763443927897252" Dst="-1" /><file name="menu.png" server="www.uma-style.com/www/" local="3527559578" remote="318763443927897252" Dst="-1" /><file name="K_logo.png" server="www.uma-style.com/www/" local="3527558044" remote="318763443921311832" Dst="-1" /><file name="nami.png" server="www.uma-style.com/www/" local="3529878210" remote="318763443927897252" Dst="-1" /><file name="world_arrow.png" server="www.uma-style.com/www/" local="3532403896" remote="318763443927897252" Dst="-1" /></dwsync>